{
	"id" : "template",
	"name" : "Template",
	"description" : "Template servant de base à la création de plugins Jeedom",
	"licence" : "AGPL",
	"author" : "Jeedom SAS",
	"require" : "3.3.39",
	"category" : "programming",
	"hasDependency" : false,
	"hasOwnDeamon" : false,
	"maxDependancyInstallTime" : 0,
	"changelog" : "https://jeedom.github.io/plugin-template/#language#/changelog",
	"documentation" : "https://jeedom.github.io/plugin-template/#language#/",
	"link" : {
		"forum":"Lien vers le forum",
		"video" : "Lien vers une video"
	},
	"language" : ["fr_FR","en_US","de_DE","sp_SP"],
	"compatibility" : ["miniplus","smart","rpi","docker","diy","mobile","v4"]
}
